,Year,Precipitation amount (mm),Snow depth (cm),Air temperature (degC),Day,Month,Hour,Auroransilta,Eteläesplanadi,Huopalahti (asema),Kaisaniemi/Eläintarhanlahti,Kaivokatu,Kulosaaren silta et.,Kulosaaren silta po. ,Kuusisaarentie,"Käpylä, Pohjoisbaana",Lauttasaaren silta eteläpuoli,Merikannontie,Munkkiniemen silta eteläpuoli,Munkkiniemi silta pohjoispuoli,Heperian puisto/Ooppera,Pitkäsilta itäpuoli,Pitkäsilta länsipuoli,Lauttasaaren silta pohjoispuoli,Ratapihantie,Viikintie,Baana
0,2017,-1.0,-1.0,0.6,1,1,276,0.0,158.0,120.0,124.0,0.0,3.0,163.0,151.0,0.0,444.0,285.0,168.0,107.0,249.0,156.0,229.0,155.0,103.0,0.0,218.0
1,2017,4.4,-1.0,-3.9,2,1,276,0.0,419.0,540.0,401.0,0.0,0.0,536.0,375.0,0.0,831.0,589.0,465.0,224.0,744.0,459.0,283.0,335.0,538.0,0.0,913.0
2,2017,6.6,7.0,-6.5,3,1,276,0.0,288.0,445.0,309.0,0.0,0.0,427.0,349.0,0.0,463.0,462.0,439.0,178.0,692.0,331.0,173.0,263.0,451.0,0.0,725.0
3,2017,-1.0,13.0,-12.8,4,1,276,0.0,232.0,334.0,211.0,0.0,0.0,324.0,244.0,0.0,486.0,309.0,267.0,143.0,480.0,250.0,164.0,187.0,324.0,0.0,563.0
4,2017,-1.0,10.0,-17.8,5,1,276,0.0,195.0,219.0,169.0,0.0,0.0,176.0,154.0,0.0,356.0,223.0,185.0,95.0,306.0,190.0,107.0,150.0,205.0,0.0,365.0
5,2017,0.3,10.0,-17.8,6,1,276,0.0,99.0,39.0,28.0,0.0,0.0,75.0,42.0,0.0,187.0,79.0,55.0,42.0,115.0,72.0,91.0,63.0,61.0,0.0,117.0
6,2017,5.3,10.0,-3.8,7,1,276,0.0,102.0,47.0,38.0,0.0,0.0,89.0,42.0,0.0,126.0,80.0,51.0,37.0,112.0,79.0,115.0,52.0,74.0,0.0,120.0
7,2017,-1.0,12.0,-0.5,8,1,276,0.0,135.0,91.0,94.0,0.0,0.0,128.0,95.0,0.0,235.0,259.0,142.0,62.0,249.0,131.0,124.0,111.0,111.0,0.0,198.0
8,2017,1.1,12.0,0.5,9,1,276,0.0,449.0,540.0,423.0,0.0,0.0,565.0,488.0,0.0,1114.0,615.0,654.0,234.0,864.0,506.0,253.0,411.0,626.0,0.0,939.0
9,2017,0.3,9.0,1.7,10,1,276,0.0,469.0,531.0,407.0,0.0,0.0,610.0,405.0,0.0,1015.0,694.0,725.0,261.0,864.0,522.0,271.0,416.0,651.0,0.0,928.0
10,2017,-1.0,7.0,-1.6,11,1,276,0.0,404.0,536.0,412.0,0.0,0.0,561.0,375.0,0.0,1086.0,563.0,624.0,225.0,799.0,527.0,272.0,396.0,605.0,0.0,858.0
11,2017,8.0,7.0,-2.8,12,1,276,0.0,406.0,484.0,398.0,0.0,0.0,414.0,314.0,0.0,815.0,516.0,538.0,221.0,773.0,455.0,229.0,358.0,504.0,0.0,822.0
12,2017,0.1,13.0,1.1,13,1,276,0.0,379.0,376.0,262.0,0.0,0.0,375.0,281.0,0.0,637.0,450.0,461.0,175.0,695.0,392.0,256.0,298.0,379.0,0.0,665.0
13,2017,0.1,8.0,0.8,14,1,276,0.0,204.0,93.0,140.0,0.0,0.0,143.0,116.0,0.0,377.0,254.0,146.0,88.0,297.0,256.0,251.0,140.0,120.0,0.0,234.0
14,2017,-1.0,8.0,-2.8,15,1,276,0.0,147.0,122.0,92.0,0.0,0.0,162.0,86.0,0.0,359.0,211.0,143.0,67.0,239.0,180.0,179.0,93.0,116.0,0.0,197.0
15,2017,-1.0,8.0,-4.2,16,1,276,0.0,454.0,572.0,466.0,0.0,0.0,643.0,442.0,0.0,1022.0,673.0,694.0,248.0,888.0,618.0,310.0,417.0,599.0,0.0,957.0
16,2017,0.2,8.0,-3.5,17,1,276,0.0,474.0,589.0,448.0,0.0,0.0,603.0,457.0,0.0,1089.0,744.0,713.0,243.0,890.0,619.0,305.0,429.0,525.0,0.0,960.0
17,2017,0.9,8.0,1.1,18,1,276,0.0,503.0,578.0,478.0,0.0,0.0,534.0,428.0,0.0,951.0,672.0,720.0,283.0,894.0,597.0,315.0,405.0,607.0,0.0,897.0
18,2017,-1.0,5.0,1.6,19,1,276,0.0,509.0,525.0,485.0,0.0,2.0,546.0,446.0,0.0,963.0,648.0,733.0,253.0,844.0,623.0,336.0,392.0,555.0,0.0,865.0
19,2017,0.3,5.0,-0.6,20,1,276,0.0,480.0,493.0,416.0,0.0,0.0,490.0,385.0,0.0,1017.0,569.0,619.0,210.0,807.0,549.0,291.0,313.0,493.0,0.0,818.0
20,2017,0.4,5.0,-1.8,21,1,276,0.0,199.0,105.0,139.0,0.0,0.0,190.0,107.0,0.0,395.0,235.0,193.0,98.0,278.0,228.0,246.0,132.0,138.0,0.0,247.0
21,2017,0.2,5.0,1.0,22,1,276,0.0,168.0,108.0,116.0,0.0,0.0,200.0,151.0,0.0,408.0,247.0,174.0,93.0,257.0,203.0,155.0,101.0,121.0,0.0,245.0
22,2017,0.1,6.0,0.1,23,1,276,0.0,489.0,580.0,538.0,0.0,1.0,607.0,510.0,0.0,1103.0,698.0,773.0,254.0,873.0,624.0,283.0,447.0,604.0,0.0,1021.0
23,2017,-1.0,6.0,-2.2,24,1,276,0.0,536.0,611.0,516.0,0.0,0.0,637.0,462.0,0.0,1158.0,730.0,743.0,246.0,917.0,643.0,366.0,427.0,639.0,0.0,1038.0
24,2017,0.6,6.0,-3.8,25,1,276,0.0,490.0,537.0,439.0,0.0,0.0,569.0,439.0,0.0,1256.0,667.0,654.0,233.0,854.0,645.0,301.0,415.0,496.0,0.0,985.0
25,2017,-1.0,6.0,1.9,26,1,276,0.0,507.0,513.0,464.0,0.0,0.0,555.0,402.0,0.0,908.0,706.0,642.0,230.0,910.0,627.0,349.0,414.0,561.0,0.0,950.0
26,2017,-1.0,4.0,1.6,27,1,276,0.0,523.0,479.0,445.0,0.0,1.0,511.0,443.0,0.0,1030.0,685.0,643.0,227.0,876.0,582.0,401.0,378.0,497.0,0.0,923.0
27,2017,1.8,4.0,0.8,28,1,276,0.0,248.0,87.0,175.0,0.0,0.0,165.0,120.0,0.0,385.0,193.0,162.0,99.0,247.0,274.0,227.0,106.0,137.0,0.0,214.0
28,2017,2.6,3.0,0.6,29,1,276,0.0,203.0,114.0,124.0,0.0,0.0,184.0,126.0,0.0,352.0,183.0,129.0,104.0,216.0,205.0,202.0,129.0,136.0,0.0,196.0
29,2017,5.6,5.0,1.0,30,1,276,0.0,440.0,532.0,434.0,0.0,0.0,514.0,451.0,0.0,990.0,584.0,637.0,218.0,729.0,554.0,262.0,336.0,534.0,0.0,811.0
30,2017,-1.0,4.0,0.2,31,1,276,0.0,532.0,554.0,493.0,0.0,0.0,637.0,479.0,0.0,1028.0,725.0,707.0,259.0,867.0,659.0,335.0,417.0,568.0,0.0,938.0
31,2017,1.5,4.0,-0.6,1,2,276,0.0,475.0,564.0,509.0,0.0,0.0,615.0,513.0,0.0,1147.0,694.0,727.0,265.0,873.0,619.0,345.0,396.0,619.0,0.0,945.0
32,2017,0.2,5.0,-0.8,2,2,276,0.0,494.0,499.0,492.0,0.0,0.0,594.0,436.0,0.0,901.0,703.0,647.0,207.0,864.0,600.0,349.0,382.0,539.0,0.0,906.0
33,2017,-1.0,6.0,-0.2,3,2,276,0.0,467.0,468.0,415.0,0.0,0.0,564.0,383.0,0.0,955.0,574.0,602.0,196.0,709.0,539.0,377.0,321.0,458.0,0.0,806.0
34,2017,2.7,6.0,0.4,4,2,276,0.0,208.0,100.0,148.0,0.0,1.0,182.0,120.0,0.0,327.0,210.0,149.0,125.0,265.0,227.0,253.0,108.0,142.0,0.0,215.0
35,2017,-1.0,7.0,-2.5,5,2,276,0.0,126.0,96.0,125.0,0.0,0.0,162.0,109.0,0.0,343.0,213.0,152.0,77.0,199.0,177.0,208.0,102.0,137.0,0.0,188.0
36,2017,-1.0,7.0,-7.3,6,2,276,0.0,374.0,523.0,424.0,0.0,0.0,500.0,494.0,0.0,836.0,627.0,623.0,239.0,792.0,474.0,283.0,381.0,508.0,0.0,826.0
37,2017,-1.0,8.0,-12.1,7,2,276,0.0,410.0,384.0,349.0,0.0,0.0,428.0,377.0,0.0,714.0,542.0,440.0,216.0,626.0,450.0,239.0,315.0,416.0,0.0,624.0
38,2017,-1.0,8.0,-8.8,8,2,276,0.0,360.0,402.0,316.0,0.0,0.0,472.0,346.0,0.0,706.0,545.0,438.0,236.0,695.0,452.0,249.0,321.0,405.0,0.0,697.0
39,2017,-1.0,8.0,-10.1,9,2,276,0.0,394.0,387.0,324.0,0.0,0.0,413.0,354.0,0.0,726.0,495.0,431.0,209.0,660.0,439.0,248.0,288.0,429.0,0.0,703.0
40,2017,-1.0,8.0,-8.3,10,2,276,0.0,421.0,371.0,371.0,0.0,0.0,399.0,364.0,0.0,741.0,532.0,458.0,203.0,625.0,428.0,259.0,296.0,397.0,0.0,705.0
41,2017,-1.0,8.0,-5.4,11,2,276,0.0,146.0,92.0,132.0,0.0,0.0,118.0,92.0,0.0,330.0,179.0,141.0,91.0,204.0,190.0,198.0,98.0,108.0,0.0,187.0
42,2017,-1.0,8.0,-2.7,12,2,276,0.0,164.0,80.0,92.0,0.0,0.0,148.0,119.0,0.0,328.0,185.0,146.0,97.0,198.0,174.0,170.0,92.0,103.0,0.0,205.0
43,2017,-1.0,8.0,1.5,13,2,276,0.0,525.0,557.0,486.0,0.0,0.0,617.0,487.0,0.0,1177.0,686.0,648.0,282.0,934.0,616.0,320.0,436.0,544.0,0.0,1019.0
44,2017,-1.0,8.0,4.4,14,2,276,0.0,623.0,556.0,534.0,0.0,0.0,675.0,569.0,0.0,1137.0,854.0,705.0,306.0,1050.0,742.0,411.0,464.0,570.0,0.0,1050.0
45,2017,-1.0,8.0,0.0,15,2,276,0.0,608.0,581.0,499.0,0.0,0.0,670.0,513.0,0.0,1173.0,730.0,641.0,286.0,982.0,769.0,350.0,458.0,542.0,0.0,1011.0
46,2017,0.9,8.0,0.5,16,2,276,0.0,569.0,513.0,489.0,0.0,0.0,605.0,458.0,0.0,1066.0,728.0,658.0,266.0,956.0,666.0,382.0,442.0,597.0,0.0,1010.0
47,2017,0.2,8.0,1.5,17,2,276,0.0,495.0,422.0,402.0,0.0,1.0,525.0,406.0,0.0,838.0,585.0,580.0,229.0,760.0,530.0,351.0,363.0,494.0,0.0,843.0
48,2017,1.5,5.0,1.9,18,2,276,0.0,247.0,140.0,170.0,0.0,0.0,270.0,190.0,0.0,524.0,355.0,222.0,159.0,361.0,289.0,301.0,142.0,163.0,0.0,285.0
49,2017,1.1,5.0,2.2,19,2,276,0.0,171.0,104.0,144.0,0.0,0.0,150.0,134.0,0.0,301.0,272.0,164.0,112.0,228.0,199.0,231.0,128.0,115.0,0.0,237.0
50,2017,2.8,3.0,0.4,20,2,276,0.0,423.0,426.0,393.0,0.0,0.0,492.0,417.0,0.0,876.0,612.0,575.0,212.0,685.0,466.0,270.0,305.0,439.0,0.0,776.0
51,2017,-1.0,7.0,-2.5,21,2,276,0.0,416.0,457.0,388.0,0.0,0.0,487.0,481.0,0.0,844.0,623.0,539.0,199.0,729.0,496.0,337.0,353.0,438.0,0.0,827.0
52,2017,12.2,6.0,-4.6,22,2,276,0.0,369.0,352.0,316.0,0.0,1.0,387.0,396.0,0.0,674.0,485.0,443.0,161.0,603.0,408.0,236.0,270.0,341.0,0.0,695.0
53,2017,0.3,15.0,-0.7,23,2,276,0.0,279.0,249.0,236.0,0.0,0.0,269.0,263.0,0.0,530.0,364.0,339.0,147.0,519.0,353.0,250.0,217.0,275.0,0.0,586.0
54,2017,-1.0,13.0,-5.3,24,2,276,0.0,296.0,347.0,262.0,0.0,0.0,323.0,289.0,0.0,515.0,399.0,403.0,165.0,526.0,346.0,280.0,230.0,325.0,0.0,515.0
55,2017,0.4,13.0,-5.6,25,2,276,0.0,141.0,85.0,132.0,0.0,0.0,92.0,100.0,0.0,220.0,206.0,174.0,85.0,229.0,189.0,228.0,89.0,123.0,0.0,180.0
56,2017,2.5,12.0,-2.0,26,2,276,0.0,106.0,68.0,91.0,0.0,0.0,115.0,97.0,0.0,179.0,138.0,133.0,71.0,155.0,113.0,148.0,81.0,95.0,0.0,131.0
57,2017,1.0,14.0,-2.3,27,2,276,0.0,418.0,515.0,404.0,0.0,0.0,585.0,542.0,0.0,670.0,588.0,659.0,209.0,851.0,499.0,282.0,383.0,575.0,0.0,888.0
58,2017,7.7,13.0,2.1,28,2,276,0.0,458.0,519.0,417.0,0.0,0.0,603.0,564.0,0.0,897.0,658.0,654.0,248.0,829.0,612.0,333.0,406.0,646.0,0.0,908.0
59,2017,6.9,9.0,1.5,1,3,276,0.0,485.0,459.0,415.0,0.0,0.0,574.0,464.0,0.0,893.0,628.0,690.0,260.0,765.0,603.0,352.0,379.0,538.0,0.0,864.0
60,2017,0.5,7.0,1.5,2,3,276,0.0,496.0,458.0,390.0,0.0,0.0,520.0,468.0,0.0,936.0,641.0,625.0,227.0,869.0,585.0,365.0,389.0,500.0,0.0,858.0
61,2017,2.1,6.0,0.9,3,3,276,0.0,435.0,435.0,380.0,0.0,0.0,559.0,484.0,0.0,1013.0,591.0,654.0,213.0,755.0,556.0,374.0,358.0,460.0,0.0,806.0
62,2017,0.2,6.0,-1.8,4,3,276,0.0,187.0,98.0,129.0,0.0,0.0,176.0,108.0,0.0,433.0,240.0,152.0,108.0,296.0,248.0,281.0,129.0,138.0,0.0,295.0
63,2017,-1.0,6.0,-4.2,5,3,276,0.0,167.0,143.0,148.0,0.0,0.0,228.0,165.0,0.0,379.0,332.0,213.0,129.0,257.0,242.0,267.0,145.0,144.0,0.0,299.0
64,2017,-1.0,7.0,-4.2,6,3,276,0.0,512.0,558.0,476.0,0.0,0.0,681.0,636.0,0.0,981.0,713.0,699.0,270.0,876.0,616.0,367.0,422.0,536.0,0.0,1029.0
65,2017,5.7,6.0,-2.9,7,3,276,0.0,432.0,462.0,405.0,0.0,0.0,490.0,462.0,0.0,869.0,578.0,533.0,223.0,818.0,522.0,313.0,332.0,504.0,0.0,902.0
66,2017,0.1,10.0,0.2,8,3,276,0.0,417.0,407.0,327.0,0.0,0.0,437.0,398.0,0.0,814.0,517.0,542.0,225.0,673.0,481.0,324.0,273.0,416.0,0.0,784.0
67,2017,0.9,9.0,1.2,9,3,276,0.0,473.0,474.0,433.0,0.0,0.0,535.0,466.0,0.0,903.0,562.0,611.0,232.0,769.0,542.0,348.0,323.0,533.0,0.0,946.0
68,2017,0.5,8.0,1.4,10,3,276,0.0,496.0,462.0,399.0,0.0,0.0,507.0,468.0,0.0,931.0,567.0,619.0,238.0,775.0,554.0,387.0,338.0,521.0,0.0,915.0
69,2017,-1.0,7.0,2.2,11,3,276,0.0,350.0,166.0,267.0,0.0,0.0,373.0,240.0,0.0,574.0,442.0,279.0,218.0,441.0,440.0,407.0,179.0,214.0,0.0,500.0
70,2017,-1.0,6.0,-0.9,12,3,276,0.0,247.0,162.0,166.0,0.0,0.0,285.0,212.0,0.0,535.0,431.0,248.0,148.0,308.0,288.0,307.0,168.0,157.0,0.0,395.0
71,2017,-1.0,6.0,0.6,13,3,276,0.0,610.0,596.0,563.0,0.0,0.0,796.0,690.0,0.0,1227.0,875.0,801.0,335.0,1043.0,800.0,385.0,533.0,830.0,0.0,1302.0
72,2017,6.0,5.0,0.6,14,3,276,0.0,623.0,638.0,580.0,0.0,0.0,787.0,669.0,0.0,1294.0,841.0,803.0,311.0,1000.0,795.0,411.0,552.0,674.0,0.0,1343.0
73,2017,-1.0,2.0,3.8,15,3,276,0.0,691.0,673.0,616.0,0.0,0.0,870.0,683.0,0.0,1262.0,989.0,872.0,364.0,1015.0,917.0,541.0,538.0,710.0,0.0,1410.0
74,2017,1.8,2.0,3.4,16,3,276,0.0,803.0,703.0,719.0,0.0,0.0,951.0,752.0,0.0,1576.0,1146.0,975.0,401.0,1087.0,1081.0,617.0,616.0,799.0,0.0,1505.0
75,2017,4.3,-1.0,2.0,17,3,276,0.0,415.0,401.0,306.0,0.0,0.0,418.0,370.0,0.0,773.0,535.0,443.0,198.0,512.0,520.0,329.0,312.0,434.0,0.0,744.0
76,2017,-1.0,-1.0,1.6,18,3,276,0.0,335.0,196.0,248.0,0.0,0.0,364.0,239.0,0.0,712.0,438.0,298.0,214.0,415.0,456.0,363.0,217.0,237.0,0.0,537.0
77,2017,-1.0,-1.0,0.6,19,3,276,0.0,277.0,212.0,192.0,0.0,0.0,424.0,293.0,0.0,722.0,521.0,292.0,170.0,365.0,383.0,292.0,230.0,228.0,0.0,583.0
78,2017,1.1,-1.0,0.2,20,3,276,0.0,773.0,785.0,955.0,0.0,0.0,981.0,817.0,0.0,1625.0,1033.0,974.0,398.0,1011.0,1013.0,532.0,562.0,854.0,0.0,1640.0
79,2017,6.0,0.0,1.6,21,3,276,0.0,638.0,608.0,607.0,0.0,0.0,720.0,598.0,0.0,1223.0,889.0,771.0,322.0,796.0,827.0,418.0,494.0,645.0,0.0,1320.0
80,2017,0.2,-1.0,2.3,22,3,276,0.0,672.0,596.0,570.0,0.0,0.0,650.0,567.0,0.0,1228.0,861.0,771.0,309.0,768.0,788.0,452.0,521.0,611.0,0.0,1333.0
81,2017,-1.0,-1.0,2.5,23,3,276,0.0,861.0,840.0,855.0,0.0,0.0,1121.0,873.0,0.0,1731.0,1362.0,1027.0,439.0,1124.0,1168.0,617.0,683.0,925.0,0.0,1810.0
82,2017,0.6,-1.0,0.5,24,3,276,0.0,774.0,695.0,678.0,0.0,0.0,1002.0,696.0,0.0,1501.0,980.0,808.0,368.0,879.0,1011.0,609.0,526.0,686.0,0.0,1531.0
83,2017,0.8,-1.0,1.9,25,3,276,0.0,348.0,189.0,263.0,0.0,0.0,359.0,236.0,0.0,696.0,458.0,283.0,183.0,329.0,456.0,381.0,193.0,227.0,0.0,567.0
84,2017,0.1,-1.0,4.8,26,3,276,0.0,334.0,303.0,315.0,0.0,0.0,532.0,416.0,0.0,908.0,889.0,383.0,273.0,475.0,551.0,404.0,314.0,256.0,0.0,751.0
85,2017,-1.0,-1.0,6.6,27,3,276,0.0,985.0,1008.0,981.0,0.0,2.0,1313.0,996.0,0.0,1979.0,1482.0,1161.0,523.0,1210.0,1371.0,690.0,684.0,1013.0,0.0,2029.0
86,2017,-1.0,-1.0,2.4,28,3,276,0.0,974.0,1003.0,906.0,0.0,0.0,1249.0,961.0,0.0,2148.0,1418.0,1059.0,586.0,1210.0,1464.0,667.0,692.0,939.0,0.0,1947.0
87,2017,-1.0,-1.0,0.4,29,3,276,0.0,1014.0,1016.0,958.0,0.0,0.0,1222.0,874.0,0.0,1930.0,1328.0,1032.0,486.0,1225.0,1447.0,781.0,716.0,890.0,0.0,2116.0
88,2017,3.3,-1.0,-0.4,30,3,276,0.0,1029.0,1002.0,889.0,0.0,0.0,1230.0,831.0,0.0,1912.0,1332.0,1002.0,506.0,1201.0,1442.0,760.0,723.0,942.0,0.0,2050.0
89,2017,0.6,2.0,0.2,31,3,276,0.0,444.0,398.0,412.0,0.0,0.0,468.0,360.0,0.0,922.0,526.0,483.0,221.0,807.0,628.0,393.0,322.0,451.0,0.0,951.0
90,2017,3.6,-1.0,1.5,1,4,276,0.0,232.0,123.0,212.0,0.0,0.0,209.0,171.0,0.0,496.0,283.0,211.0,148.0,436.0,336.0,289.0,158.0,144.0,0.0,418.0
91,2017,0.1,-1.0,4.3,2,4,276,0.0,357.0,306.0,350.0,0.0,0.0,561.0,462.0,0.0,1084.0,774.0,439.0,311.0,744.0,588.0,446.0,322.0,281.0,0.0,783.0
92,2017,0.2,-1.0,3.0,3,4,276,0.0,1156.0,1164.0,948.0,0.0,0.0,1406.0,1026.0,0.0,2099.0,1409.0,1228.0,535.0,1782.0,1355.0,662.0,775.0,1127.0,0.0,1798.0
93,2017,-1.0,-1.0,3.8,4,4,276,0.0,1187.0,1301.0,1146.0,0.0,1.0,1558.0,1221.0,0.0,2386.0,1847.0,1417.0,642.0,2263.0,1695.0,763.0,894.0,1247.0,0.0,2018.0
94,2017,0.7,-1.0,3.3,5,4,276,0.0,1025.0,1071.0,1027.0,0.0,3.0,1338.0,990.0,0.0,2118.0,1430.0,1125.0,607.0,1919.0,1513.0,657.0,795.0,1056.0,0.0,1791.0
95,2017,-1.0,-1.0,4.7,6,4,276,0.0,1369.0,1231.0,1179.0,0.0,2.0,1562.0,1308.0,0.0,2441.0,1858.0,1389.0,676.0,2487.0,1855.0,898.0,908.0,1154.0,0.0,2117.0
96,2017,4.4,-1.0,4.1,7,4,276,0.0,1047.0,951.0,911.0,0.0,4.0,1179.0,862.0,0.0,2008.0,1311.0,1007.0,524.0,1868.0,1330.0,684.0,692.0,858.0,0.0,1658.0
97,2017,-1.0,-1.0,3.3,8,4,276,0.0,668.0,446.0,493.0,0.0,5.0,726.0,516.0,0.0,1591.0,963.0,551.0,385.0,1259.0,932.0,609.0,423.0,385.0,0.0,759.0
98,2017,-1.0,-1.0,3.7,9,4,276,0.0,508.0,479.0,533.0,0.0,0.0,656.0,607.0,0.0,1318.0,1002.0,567.0,354.0,1080.0,729.0,535.0,411.0,316.0,0.0,669.0
99,2017,2.0,-1.0,6.0,10,4,276,0.0,1243.0,1320.0,1126.0,0.0,0.0,1562.0,1256.0,0.0,2353.0,1808.0,1401.0,670.0,2320.0,1663.0,773.0,917.0,1207.0,0.0,2151.0
100,2017,0.7,-1.0,4.3,11,4,276,0.0,1346.0,1346.0,1222.0,0.0,0.0,1670.0,1242.0,0.0,2540.0,1947.0,1400.0,665.0,2431.0,1864.0,849.0,988.0,1213.0,0.0,2192.0
101,2017,1.1,-1.0,1.8,12,4,276,0.0,1295.0,1201.0,1136.0,0.0,2.0,1546.0,1159.0,0.0,2435.0,1794.0,1307.0,622.0,2141.0,1759.0,843.0,940.0,1157.0,0.0,2141.0
102,2017,0.3,0.0,1.2,13,4,276,0.0,665.0,689.0,545.0,0.0,0.0,725.0,573.0,0.0,1170.0,865.0,644.0,368.0,1068.0,850.0,503.0,444.0,601.0,0.0,1082.0
103,2017,-1.0,-1.0,-0.5,14,4,276,0.0,334.0,312.0,357.0,0.0,2.0,553.0,363.0,0.0,868.0,661.0,318.0,237.0,626.0,453.0,392.0,274.0,231.0,0.0,424.0
104,2017,-1.0,-1.0,-1.4,15,4,276,0.0,336.0,263.0,295.0,0.0,0.0,416.0,295.0,0.0,801.0,598.0,304.0,250.0,729.0,553.0,386.0,238.0,236.0,0.0,401.0
105,2017,-1.0,-1.0,-1.7,16,4,276,0.0,214.0,232.0,213.0,0.0,0.0,351.0,298.0,0.0,594.0,522.0,245.0,205.0,452.0,349.0,285.0,207.0,184.0,0.0,300.0
106,2017,-1.0,-1.0,0.6,17,4,276,0.0,340.0,364.0,367.0,0.0,0.0,565.0,458.0,0.0,1123.0,876.0,441.0,332.0,911.0,553.0,434.0,328.0,267.0,0.0,548.0
107,2017,-1.0,-1.0,0.3,18,4,276,0.0,1281.0,1333.0,1212.0,0.0,0.0,1658.0,1258.0,0.0,2496.0,1895.0,1428.0,686.0,2233.0,1658.0,799.0,941.0,1161.0,0.0,2111.0
108,2017,-1.0,-1.0,1.2,19,4,276,0.0,1466.0,1425.0,1356.0,0.0,0.0,1787.0,1310.0,0.0,2585.0,2098.0,1487.0,778.0,2698.0,1877.0,888.0,1031.0,1135.0,0.0,2268.0
109,2017,5.1,-1.0,2.5,20,4,276,0.0,1394.0,1332.0,1218.0,0.0,0.0,1638.0,1127.0,0.0,2464.0,1682.0,1367.0,694.0,2408.0,1795.0,792.0,939.0,1092.0,0.0,2189.0
110,2017,-1.0,-1.0,5.7,21,4,276,0.0,1088.0,1007.0,978.0,0.0,0.0,1236.0,899.0,0.0,2050.0,1454.0,1050.0,548.0,1894.0,1340.0,807.0,718.0,814.0,0.0,1738.0
111,2017,2.1,-1.0,3.1,22,4,276,0.0,555.0,384.0,472.0,0.0,0.0,651.0,499.0,0.0,1275.0,854.0,507.0,335.0,1065.0,815.0,563.0,348.0,356.0,0.0,729.0
112,2017,1.6,-1.0,2.9,23,4,276,0.0,392.0,355.0,391.0,0.0,3.0,476.0,412.0,0.0,1013.0,809.0,397.0,255.0,821.0,506.0,425.0,323.0,256.0,0.0,557.0
113,2017,2.5,-1.0,3.6,24,4,276,0.0,1559.0,1583.0,1487.0,0.0,0.0,1998.0,1429.0,0.0,3038.0,2397.0,1678.0,833.0,2912.0,2188.0,908.0,1209.0,1308.0,0.0,2572.0
114,2017,4.9,0.0,2.8,25,4,276,0.0,964.0,939.0,866.0,0.0,0.0,1114.0,825.0,0.0,1698.0,1369.0,990.0,458.0,1635.0,1255.0,571.0,657.0,910.0,0.0,1484.0
115,2017,0.3,-1.0,3.2,26,4,276,0.0,1253.0,1212.0,1166.0,0.0,2.0,1401.0,987.0,0.0,2249.0,1687.0,1253.0,615.0,2104.0,1555.0,765.0,939.0,993.0,0.0,1946.0
116,2017,-1.0,-1.0,4.4,27,4,276,0.0,1584.0,1447.0,1390.0,0.0,0.0,1780.0,1344.0,0.0,2835.0,2041.0,1578.0,742.0,2641.0,2028.0,983.0,1120.0,1198.0,0.0,2464.0
117,2017,-1.0,-1.0,4.1,28,4,276,0.0,1381.0,1307.0,1214.0,0.0,1.0,1670.0,1165.0,0.0,2486.0,1947.0,1340.0,724.0,2471.0,1881.0,1032.0,937.0,1097.0,0.0,2151.0
118,2017,9.9,-1.0,2.3,29,4,276,0.0,357.0,207.0,279.0,0.0,0.0,353.0,220.0,0.0,747.0,398.0,267.0,213.0,648.0,519.0,401.0,233.0,241.0,0.0,458.0
119,2017,0.4,2.0,2.2,30,4,276,0.0,386.0,207.0,238.0,0.0,0.0,306.0,219.0,0.0,685.0,378.0,262.0,185.0,475.0,470.0,340.0,187.0,172.0,0.0,272.0
120,2017,-1.0,-1.0,7.6,1,5,276,0.0,880.0,644.0,925.0,0.0,2.0,1160.0,805.0,0.0,2625.0,2011.0,928.0,558.0,1727.0,1267.0,1007.0,660.0,521.0,0.0,862.0
121,2017,-1.0,-1.0,9.4,2,5,276,0.0,2034.0,2179.0,1898.0,0.0,1.0,2761.0,2094.0,0.0,3773.0,3324.0,2172.0,1085.0,3964.0,2777.0,1125.0,1458.0,1629.0,0.0,3124.0
122,2017,-1.0,-1.0,9.2,3,5,276,0.0,2376.0,2365.0,2259.0,0.0,3.0,3108.0,2151.0,0.0,4312.0,3632.0,2408.0,1224.0,4416.0,3313.0,1411.0,1669.0,1795.0,0.0,3675.0
123,2017,-1.0,-1.0,6.7,4,5,276,0.0,2326.0,2201.0,2109.0,0.0,2.0,2875.0,2087.0,0.0,4240.0,3368.0,2392.0,1127.0,4352.0,3244.0,1343.0,1590.0,1779.0,0.0,3598.0
124,2017,-1.0,-1.0,10.1,5,5,276,0.0,2339.0,1969.0,2050.0,0.0,4.0,2657.0,1920.0,0.0,3987.0,3161.0,2126.0,1021.0,4178.0,3091.0,1443.0,1453.0,1518.0,0.0,3132.0
125,2017,-1.0,-1.0,11.1,6,5,276,0.0,1617.0,727.0,1327.0,0.0,5.0,1582.0,1125.0,0.0,3124.0,2696.0,1106.0,759.0,2667.0,1967.0,1342.0,932.0,611.0,0.0,1776.0
126,2017,-1.0,-1.0,6.1,7,5,276,0.0,1071.0,716.0,888.0,0.0,0.0,1280.0,945.0,0.0,2342.0,2220.0,946.0,642.0,2398.0,1418.0,1007.0,706.0,523.0,0.0,1499.0
127,2017,-1.0,-1.0,4.4,8,5,276,0.0,1912.0,1809.0,1732.0,0.0,0.0,2191.0,1585.0,0.0,3257.0,2393.0,1869.0,955.0,3379.0,2483.0,1108.0,1320.0,1477.0,0.0,3038.0
128,2017,0.2,-1.0,1.5,9,5,276,0.0,1778.0,1671.0,1556.0,0.0,0.0,2029.0,1462.0,0.0,3087.0,2358.0,1747.0,838.0,3164.0,2379.0,1094.0,1147.0,1381.0,0.0,2819.0
129,2017,3.2,-1.0,1.5,10,5,276,0.0,1738.0,1519.0,1392.0,0.0,2.0,1734.0,1307.0,0.0,2994.0,2122.0,1511.0,742.0,3021.0,2180.0,1008.0,1108.0,1303.0,0.0,2684.0
130,2017,0.4,-1.0,2.9,11,5,276,0.0,1900.0,1608.0,1554.0,0.0,3.0,1805.0,1388.0,0.0,3043.0,2229.0,1663.0,827.0,3074.0,2422.0,1131.0,1126.0,1359.0,0.0,2799.0
131,2017,-1.0,-1.0,5.1,12,5,276,0.0,2041.0,1606.0,1716.0,0.0,2.0,1986.0,1449.0,0.0,3467.0,2579.0,1808.0,849.0,3612.0,2665.0,1361.0,1189.0,1381.0,0.0,2899.0
132,2017,-1.0,-1.0,7.5,13,5,276,0.0,1386.0,710.0,1152.0,0.0,1.0,1309.0,916.0,0.0,2895.0,1590.0,1084.0,744.0,2327.0,1796.0,1227.0,718.0,575.0,0.0,1522.0
133,2017,-1.0,-1.0,9.8,14,5,276,0.0,1065.0,752.0,859.0,0.0,5.0,1316.0,1138.0,0.0,2329.0,2459.0,994.0,620.0,2164.0,1251.0,927.0,797.0,459.0,0.0,1675.0
134,2017,0.9,-1.0,9.0,15,5,276,0.0,2030.0,2007.0,1931.0,0.0,1.0,2490.0,1904.0,0.0,3736.0,3113.0,2207.0,1034.0,4003.0,2753.0,1251.0,1463.0,1629.0,0.0,3788.0
135,2017,-1.0,-1.0,7.3,16,5,276,0.0,2632.0,2418.0,2442.0,0.0,4.0,3353.0,2293.0,0.0,4697.0,3839.0,2589.0,1267.0,5213.0,3593.0,1615.0,1798.0,2025.0,0.0,4653.0
136,2017,0.7,-1.0,9.4,17,5,276,0.0,2278.0,2133.0,2037.0,0.0,10.0,2939.0,1904.0,0.0,4068.0,3090.0,2265.0,1160.0,4634.0,3118.0,1405.0,1464.0,1693.0,0.0,4272.0
137,2017,-1.0,-1.0,11.2,18,5,276,0.0,2243.0,1884.0,1940.0,0.0,1.0,2546.0,1781.0,0.0,3523.0,2790.0,1986.0,1028.0,4120.0,2866.0,1381.0,1371.0,1582.0,0.0,3840.0
138,2017,-1.0,-1.0,16.1,19,5,276,0.0,2812.0,2132.0,2463.0,0.0,0.0,3117.0,1993.0,0.0,4633.0,3851.0,2618.0,1220.0,3617.0,3557.0,1961.0,1639.0,1792.0,0.0,4653.0
139,2017,-1.0,-1.0,16.9,20,5,276,0.0,2171.0,896.0,1520.0,0.0,0.0,2021.0,1153.0,0.0,3855.0,3139.0,1456.0,825.0,3598.0,2434.0,1710.0,959.0,825.0,0.0,2718.0
140,2017,-1.0,-1.0,14.7,21,5,276,0.0,1762.0,1099.0,1424.0,0.0,5.0,2987.0,1528.0,0.0,3823.0,3547.0,1677.0,1081.0,2993.0,2240.0,1499.0,1125.0,752.0,0.0,2421.0
141,2017,-1.0,-1.0,14.6,22,5,276,0.0,2814.0,2716.0,2493.0,0.0,2.0,3682.0,2328.0,0.0,4760.0,4048.0,2804.0,1338.0,5778.0,3669.0,1652.0,1840.0,2172.0,0.0,5113.0
142,2017,-1.0,-1.0,13.3,23,5,276,0.0,3024.0,2637.0,2613.0,0.0,2.0,3749.0,2445.0,0.0,5014.0,4323.0,2991.0,1471.0,6300.0,3841.0,1755.0,1974.0,2172.0,0.0,5557.0
143,2017,-1.0,-1.0,12.4,24,5,276,0.0,2903.0,2384.0,2513.0,0.0,0.0,3210.0,2179.0,0.0,4897.0,3945.0,2693.0,1293.0,5921.0,3748.0,1830.0,1736.0,1893.0,0.0,5211.0
144,2017,-1.0,-1.0,14.1,25,5,276,0.0,1767.0,938.0,1480.0,0.0,3.0,2051.0,1340.0,0.0,3450.0,3796.0,1665.0,914.0,3917.0,2234.0,1500.0,1196.0,771.0,0.0,2787.0
145,2017,3.6,-1.0,14.1,26,5,276,0.0,2359.0,1575.0,1789.0,0.0,0.0,2390.0,1555.0,0.0,4039.0,3411.0,2068.0,1030.0,4504.0,3094.0,1694.0,1376.0,1360.0,0.0,3931.0
146,2017,-1.0,-1.0,9.6,27,5,276,0.0,1360.0,782.0,1810.0,0.0,3.0,1364.0,817.0,0.0,2604.0,1947.0,990.0,653.0,2936.0,2488.0,1889.0,815.0,666.0,0.0,2315.0
147,2017,1.0,-1.0,13.2,28,5,276,0.0,1586.0,934.0,2191.0,0.0,2.0,1904.0,1303.0,0.0,3492.0,3322.0,1505.0,831.0,3713.0,2553.0,1874.0,1033.0,736.0,0.0,2828.0
148,2017,-1.0,-1.0,14.1,29,5,276,0.0,2815.0,2697.0,2605.0,0.0,5.0,3627.0,2529.0,0.0,5349.0,4419.0,3018.0,1470.0,6094.0,3873.0,1759.0,1959.0,2179.0,0.0,5457.0
149,2017,5.4,-1.0,9.6,30,5,276,0.0,2788.0,2489.0,2419.0,0.0,1.0,3233.0,2158.0,0.0,4625.0,3968.0,2721.0,1423.0,5589.0,3537.0,1608.0,1701.0,1980.0,0.0,5178.0
150,2017,0.7,-1.0,10.8,31,5,276,0.0,2387.0,2012.0,1955.0,0.0,4.0,2418.0,1703.0,0.0,4067.0,3157.0,2251.0,1121.0,4553.0,2872.0,1439.0,1484.0,1641.0,0.0,4315.0
151,2017,1.0,-1.0,6.5,1,6,276,0.0,2348.0,2187.0,1995.0,0.0,4.0,2649.0,1792.0,0.0,4010.0,3206.0,2250.0,1060.0,4533.0,2985.0,1343.0,1520.0,1748.0,0.0,4447.0
152,2017,-1.0,-1.0,6.2,2,6,276,0.0,2054.0,1662.0,1676.0,0.0,2.0,2233.0,1660.0,0.0,3410.0,2559.0,1882.0,928.0,3829.0,2638.0,1296.0,1262.0,1446.0,0.0,3788.0
153,2017,-1.0,-1.0,10.0,3,6,276,0.0,1443.0,660.0,1068.0,0.0,0.0,1422.0,817.0,0.0,2685.0,2083.0,886.0,692.0,2346.0,1708.0,1265.0,737.0,503.0,0.0,2050.0
154,2017,-1.0,-1.0,9.9,4,6,276,0.0,1821.0,938.0,1352.0,0.0,1.0,2023.0,1235.0,0.0,3629.0,3162.0,1483.0,866.0,3819.0,2207.0,1385.0,1057.0,718.0,0.0,2906.0
155,2017,4.1,-1.0,10.4,5,6,276,0.0,1713.0,1788.0,1543.0,0.0,1.0,2047.0,1416.0,0.0,3031.0,2324.0,1772.0,862.0,3324.0,2198.0,1009.0,1178.0,1501.0,0.0,3486.0
156,2017,-1.0,-1.0,14.5,6,6,276,0.0,3391.0,2939.0,2953.0,0.0,3.0,4057.0,2729.0,0.0,5877.0,5110.0,3369.0,1575.0,7143.0,4255.0,2045.0,2174.0,2381.0,0.0,6084.0
157,2017,1.3,-1.0,16.4,7,6,276,0.0,3565.0,3043.0,3034.0,0.0,10.0,4176.0,2951.0,0.0,6219.0,5541.0,3329.0,1546.0,7506.0,4648.0,2186.0,2331.0,2456.0,0.0,6295.0
158,2017,26.5,-1.0,12.3,8,6,276,0.0,1272.0,1257.0,995.0,0.0,1.0,1427.0,1053.0,0.0,2107.0,1697.0,1291.0,665.0,2308.0,1500.0,786.0,847.0,1131.0,0.0,2510.0
159,2017,-1.0,-1.0,14.0,9,6,276,0.0,3244.0,2059.0,2636.0,0.0,6.0,3156.0,1830.0,0.0,6578.0,4874.0,2714.0,1289.0,5707.0,3727.0,2090.0,1658.0,1903.0,0.0,5100.0
160,2017,-1.0,-1.0,16.3,10,6,276,0.0,2053.0,840.0,1534.0,0.0,2.0,2114.0,1121.0,0.0,3750.0,3160.0,1427.0,839.0,3727.0,2647.0,1799.0,1112.0,728.0,0.0,2823.0
161,2017,5.3,-1.0,16.8,11,6,276,0.0,1806.0,959.0,1343.0,0.0,9.0,2047.0,1416.0,0.0,3360.0,2915.0,1351.0,844.0,3544.0,2143.0,1445.0,924.0,816.0,0.0,2714.0
162,2017,18.6,-1.0,12.6,12,6,276,0.0,962.0,1082.0,877.0,0.0,0.0,1132.0,881.0,0.0,1701.0,1450.0,1146.0,568.0,1785.0,1207.0,601.0,728.0,1000.0,0.0,2130.0
163,2017,0.6,-1.0,12.6,13,6,276,0.0,2175.0,1984.0,1834.0,0.0,1.0,2313.0,1662.0,0.0,3655.0,2813.0,2132.0,1037.0,4050.0,2760.0,1262.0,1387.0,1758.0,0.0,4102.0
164,2017,-1.0,-1.0,14.8,14,6,276,0.0,3176.0,2829.0,2814.0,0.0,1.0,3712.0,2742.0,0.0,5892.0,5047.0,3213.0,1505.0,7065.0,4123.0,2075.0,2148.0,2285.0,0.0,6136.0
165,2017,-1.0,-1.0,15.1,15,6,276,0.0,3461.0,2802.0,2810.0,0.0,1.0,3740.0,2623.0,0.0,6038.0,5096.0,3350.0,1570.0,7165.0,4153.0,2207.0,2041.0,2253.0,0.0,6080.0
166,2017,-1.0,-1.0,18.4,16,6,276,0.0,3131.0,2323.0,2372.0,0.0,0.0,3286.0,2158.0,0.0,5054.0,4230.0,2619.0,1335.0,5937.0,3789.0,2126.0,1699.0,1862.0,0.0,5270.0
167,2017,-1.0,-1.0,19.3,17,6,276,0.0,2299.0,997.0,1565.0,0.0,7.0,2097.0,1112.0,0.0,3913.0,3314.0,1236.0,851.0,4135.0,2536.0,1825.0,968.0,816.0,0.0,3121.0
168,2017,-1.0,-1.0,16.9,18,6,276,0.0,1454.0,950.0,1167.0,0.0,1.0,1438.0,969.0,0.0,2832.0,2465.0,1189.0,737.0,3200.0,1827.0,1362.0,821.0,655.0,0.0,2423.0
169,2017,4.7,-1.0,17.8,19,6,276,0.0,3180.0,2877.0,2717.0,0.0,1.0,3911.0,2640.0,0.0,6023.0,5745.0,3468.0,1626.0,7022.0,4252.0,1951.0,2174.0,2276.0,0.0,6199.0
170,2017,2.7,-1.0,12.7,20,6,276,0.0,1552.0,1154.0,1194.0,0.0,2.0,1472.0,991.0,0.0,2666.0,1946.0,1469.0,687.0,2816.0,1980.0,1108.0,913.0,1082.0,0.0,2888.0
171,2017,5.2,-1.0,12.4,21,6,276,0.0,2513.0,2156.0,2072.0,0.0,2.0,2797.0,2042.0,0.0,4427.0,3499.0,2431.0,1155.0,5110.0,3329.0,1542.0,1576.0,1852.0,0.0,4888.0
172,2017,1.4,-1.0,12.2,22,6,276,0.0,2038.0,1511.0,1518.0,0.0,0.0,1999.0,1354.0,0.0,3291.0,2468.0,1787.0,930.0,3731.0,2431.0,1301.0,1189.0,1406.0,0.0,3685.0
173,2017,-1.0,-1.0,10.8,23,6,276,0.0,1005.0,432.0,557.0,0.0,5.0,1383.0,652.0,0.0,1635.0,1611.0,654.0,484.0,1561.0,1139.0,750.0,458.0,410.0,0.0,1220.0
174,2017,4.5,-1.0,12.9,24,6,276,0.0,836.0,458.0,582.0,0.0,5.0,1118.0,687.0,0.0,1401.0,1456.0,640.0,414.0,1530.0,951.0,733.0,389.0,364.0,0.0,1191.0
175,2017,-1.0,-1.0,14.0,25,6,276,0.0,955.0,645.0,822.0,0.0,2.0,1228.0,865.0,0.0,1894.0,1862.0,844.0,556.0,2268.0,1252.0,898.0,485.0,523.0,0.0,1627.0
176,2017,-1.0,-1.0,13.5,26,6,276,0.0,2368.0,2056.0,2023.0,0.0,5.0,2675.0,1783.0,0.0,4041.0,3395.0,2388.0,1198.0,5040.0,3159.0,1589.0,1485.0,1700.0,0.0,4618.0
177,2017,0.4,-1.0,13.7,27,6,276,0.0,2485.0,2065.0,1923.0,0.0,9.0,2658.0,1798.0,0.0,4147.0,3482.0,2467.0,1118.0,5091.0,3185.0,1511.0,1587.0,1719.0,0.0,4779.0
178,2017,-1.0,-1.0,15.3,28,6,276,0.0,3123.0,2511.0,2443.0,0.0,1.0,3452.0,2446.0,0.0,5740.0,4806.0,3162.0,1409.0,6599.0,4016.0,2066.0,1919.0,2223.0,0.0,5715.0
179,2017,-1.0,-1.0,16.3,29,6,276,0.0,3385.0,2436.0,2521.0,0.0,7.0,3272.0,2379.0,0.0,5589.0,4831.0,3178.0,1464.0,6696.0,4025.0,2187.0,1864.0,1991.0,0.0,5781.0
180,2017,-1.0,-1.0,17.2,30,6,276,0.0,2038.0,1249.0,1391.0,0.0,2.0,1560.0,1155.0,0.0,2875.0,2277.0,1587.0,910.0,3522.0,2369.0,1565.0,969.0,1154.0,0.0,3388.0
181,2017,0.1,-1.0,14.1,1,7,276,0.0,1194.0,574.0,79.0,0.0,2.0,991.0,571.0,0.0,2118.0,1491.0,829.0,521.0,2560.0,1771.0,1941.0,581.0,576.0,0.0,1751.0
182,2017,-1.0,-1.0,16.4,2,7,276,0.0,1449.0,840.0,1003.0,0.0,0.0,1683.0,1218.0,0.0,3084.0,2922.0,1377.0,756.0,3246.0,1912.0,1439.0,848.0,631.0,0.0,2515.0
183,2017,2.2,-1.0,14.5,3,7,276,0.0,1895.0,1594.0,1636.0,0.0,5.0,2174.0,1345.0,0.0,3514.0,2827.0,1950.0,934.0,4129.0,2487.0,1413.0,1220.0,1401.0,0.0,3746.0
184,2017,0.9,-1.0,14.1,4,7,276,0.0,2733.0,2109.0,2229.0,0.0,8.0,3052.0,2020.0,0.0,4829.0,3821.0,2575.0,1184.0,5539.0,3430.0,1876.0,1579.0,1793.0,0.0,5020.0
185,2017,-1.0,-1.0,14.0,5,7,276,0.0,2369.0,1798.0,1941.0,0.0,9.0,2366.0,1610.0,0.0,4110.0,3084.0,2052.0,1115.0,4836.0,3017.0,1410.0,1300.0,1493.0,0.0,4399.0
186,2017,-1.0,-1.0,11.5,6,7,276,0.0,2302.0,1772.0,1775.0,0.0,3.0,2292.0,1494.0,0.0,3940.0,2995.0,2036.0,1054.0,4470.0,2869.0,1534.0,1297.0,1503.0,0.0,4088.0
187,2017,-1.0,-1.0,14.7,7,7,276,0.0,2522.0,1633.0,1881.0,0.0,2.0,2518.0,1528.0,0.0,3892.0,3125.0,1912.0,985.0,5161.0,3015.0,1863.0,1200.0,1342.0,0.0,4125.0
188,2017,0.3,-1.0,16.1,8,7,276,0.0,1831.0,717.0,1163.0,0.0,1.0,1764.0,1031.0,0.0,3001.0,2320.0,1159.0,645.0,3242.0,2029.0,1584.0,851.0,737.0,0.0,2368.0
189,2017,-1.0,-1.0,17.4,9,7,276,0.0,1464.0,920.0,1234.0,0.0,4.0,2057.0,1470.0,0.0,3438.0,3329.0,1443.0,815.0,3769.0,1912.0,1449.0,943.0,741.0,0.0,2634.0
190,2017,-1.0,-1.0,18.0,10,7,276,0.0,2601.0,1967.0,1968.0,0.0,2.0,3324.0,1976.0,0.0,4821.0,4412.0,2437.0,1227.0,5770.0,3259.0,1852.0,1580.0,1621.0,0.0,4763.0
191,2017,7.8,-1.0,16.8,11,7,276,0.0,1566.0,1235.0,1177.0,0.0,0.0,1681.0,1009.0,0.0,2479.0,1963.0,1443.0,754.0,2961.0,1863.0,1028.0,834.0,1094.0,0.0,2924.0
192,2017,-1.0,-1.0,16.8,12,7,276,0.0,2191.0,1589.0,1610.0,0.0,3.0,2447.0,1499.0,0.0,3560.0,3086.0,1124.0,1544.0,4339.0,2645.0,1626.0,1147.0,1387.0,0.0,3813.0
193,2017,4.2,-1.0,14.7,13,7,276,0.0,1500.0,1135.0,1204.0,0.0,3.0,1698.0,959.0,0.0,2433.0,1905.0,740.0,1205.0,2956.0,1927.0,1129.0,820.0,1018.0,0.0,2854.0
194,2017,-1.0,-1.0,15.3,14,7,276,0.0,2347.0,1379.0,1596.0,0.0,4.0,2491.0,1362.0,0.0,3589.0,3003.0,967.0,1583.0,4327.0,2786.0,1723.0,1056.0,1235.0,0.0,3706.0
195,2017,-1.0,-1.0,16.7,15,7,276,0.0,1758.0,842.0,1144.0,0.0,2.0,1969.0,1067.0,0.0,3103.0,2929.0,734.0,1161.0,3527.0,2112.0,1544.0,818.0,668.0,0.0,2693.0
196,2017,-1.0,-1.0,18.0,16,7,276,0.0,1642.0,863.0,1142.0,0.0,3.0,2299.0,1329.0,0.0,3348.0,3716.0,829.0,1332.0,3649.0,2007.0,1445.0,888.0,659.0,0.0,2802.0
197,2017,2.7,-1.0,15.4,17,7,276,0.0,1432.0,1161.0,1153.0,0.0,5.0,1740.0,1009.0,0.0,2513.0,2089.0,764.0,1174.0,3005.0,1809.0,1072.0,841.0,993.0,0.0,2821.0
198,2017,4.6,-1.0,15.0,18,7,276,0.0,2030.0,1423.0,1516.0,0.0,5.0,2321.0,1508.0,0.0,3672.0,3040.0,1024.0,1578.0,4227.0,2608.0,1462.0,1087.0,1346.0,0.0,3784.0
199,2017,0.3,-1.0,13.7,19,7,276,0.0,1831.0,1303.0,1331.0,0.0,1.0,2004.0,1301.0,0.0,3240.0,2256.0,777.0,1474.0,3754.0,2355.0,1430.0,958.0,1226.0,0.0,3286.0
200,2017,1.4,-1.0,14.6,20,7,276,0.0,2063.0,1505.0,1602.0,0.0,1.0,2313.0,1426.0,0.0,3689.0,2717.0,890.0,1656.0,4203.0,2633.0,1541.0,1085.0,1249.0,0.0,3703.0
201,2017,-1.0,-1.0,15.8,21,7,276,0.0,2210.0,1308.0,1544.0,0.0,5.0,2360.0,1256.0,0.0,3641.0,3009.0,863.0,1540.0,4249.0,2769.0,1786.0,1072.0,1117.0,0.0,3601.0
202,2017,3.3,-1.0,15.6,22,7,276,0.0,1610.0,634.0,997.0,0.0,5.0,1640.0,856.0,0.0,2517.0,2006.0,469.0,973.0,2760.0,1849.0,1397.0,629.0,639.0,0.0,2151.0
203,2017,-1.0,-1.0,16.9,23,7,276,0.0,1555.0,791.0,1189.0,0.0,2.0,2049.0,1369.0,0.0,3182.0,3023.0,655.0,1296.0,3492.0,1901.0,1380.0,819.0,743.0,0.0,2624.0
204,2017,-1.0,-1.0,15.7,24,7,276,0.0,1953.0,1459.0,1555.0,0.0,5.0,2417.0,1436.0,0.0,3750.0,2791.0,900.0,1748.0,4223.0,2595.0,1476.0,1082.0,1328.0,0.0,3736.0
205,2017,-1.0,-1.0,16.1,25,7,276,0.0,2057.0,1523.0,1586.0,0.0,1.0,2284.0,1473.0,0.0,3601.0,2898.0,822.0,1754.0,4417.0,2703.0,1543.0,1108.0,1211.0,0.0,3792.0
206,2017,-1.0,-1.0,17.2,26,7,276,0.0,2702.0,1866.0,2129.0,0.0,3.0,3165.0,1995.0,0.0,4930.0,4053.0,1078.0,2105.0,5615.0,3335.0,2021.0,1322.0,1578.0,0.0,4657.0
207,2017,2.4,-1.0,19.0,27,7,276,0.0,2790.0,1849.0,2045.0,0.0,1.0,3306.0,1885.0,0.0,5001.0,4331.0,1072.0,2125.0,5819.0,3464.0,2116.0,1388.0,1508.0,0.0,4761.0
208,2017,-1.0,-1.0,19.1,28,7,276,0.0,2143.0,1286.0,1582.0,0.0,0.0,2151.0,1348.0,0.0,3547.0,2741.0,681.0,1544.0,4198.0,2738.0,1759.0,987.0,1083.0,0.0,3523.0
209,2017,-1.0,-1.0,17.8,29,7,276,0.0,1810.0,682.0,1480.0,0.0,0.0,1730.0,1070.0,0.0,3198.0,2358.0,541.0,1122.0,3342.0,2234.0,1788.0,722.0,738.0,0.0,2550.0
210,2017,0.9,-1.0,18.3,30,7,276,0.0,1607.0,918.0,1372.0,0.0,2.0,2465.0,1639.0,0.0,3845.0,3787.0,791.0,1534.0,4171.0,2213.0,1638.0,1051.0,879.0,0.0,3168.0
211,2017,0.1,-1.0,17.8,31,7,276,0.0,2289.0,1676.0,1832.0,0.0,2.0,2375.0,1615.0,0.0,4122.0,3160.0,893.0,1779.0,5050.0,2991.0,1545.0,1340.0,1392.0,0.0,4425.0
212,2017,12.3,-1.0,18.9,1,8,276,0.0,3190.0,2551.0,2602.0,0.0,0.0,3768.0,2353.0,0.0,5904.0,4602.0,1270.0,2538.0,7089.0,4108.0,2084.0,1912.0,2047.0,0.0,5952.0
213,2017,2.9,-1.0,17.5,2,8,276,0.0,1736.0,1097.0,1312.0,0.0,3.0,1623.0,1046.0,0.0,2804.0,2228.0,520.0,1282.0,3479.0,2206.0,1289.0,887.0,954.0,0.0,3020.0
214,2017,10.3,-1.0,18.2,3,8,276,0.0,3388.0,2454.0,2612.0,0.0,4.0,3770.0,2315.0,0.0,5830.0,4808.0,1216.0,2600.0,6920.0,4192.0,2223.0,1866.0,1966.0,0.0,5960.0
215,2017,19.6,-1.0,16.6,4,8,276,0.0,1413.0,778.0,985.0,0.0,0.0,1235.0,670.0,0.0,2210.0,1480.0,365.0,916.0,2464.0,1616.0,1133.0,674.0,677.0,0.0,2374.0
216,2017,-1.0,-1.0,17.1,5,8,276,0.0,1652.0,760.0,1149.0,0.0,0.0,1751.0,950.0,0.0,2879.0,2116.0,441.0,1129.0,3773.0,2066.0,1673.0,781.0,808.0,0.0,2722.0
217,2017,11.0,-1.0,16.0,6,8,276,0.0,1009.0,456.0,734.0,0.0,3.0,1013.0,752.0,0.0,2047.0,1449.0,301.0,798.0,2218.0,1275.0,1014.0,530.0,474.0,0.0,1876.0
218,2017,11.0,-1.0,15.2,7,8,276,0.0,2132.0,2050.0,1934.0,0.0,1.0,2619.0,1844.0,0.0,4178.0,3076.0,923.0,1919.0,4595.0,2972.0,1417.0,1437.0,1864.0,0.0,4614.0
219,2017,-1.0,-1.0,17.2,8,8,276,0.0,3392.0,2927.0,2830.0,0.0,2.0,4292.0,2957.0,0.0,6563.0,5302.0,1430.0,2896.0,7932.0,4614.0,2291.0,2158.0,2517.0,0.0,6540.0
220,2017,0.1,-1.0,18.3,9,8,276,0.0,3546.0,2965.0,3004.0,0.0,0.0,4320.0,2942.0,0.0,6355.0,5195.0,1309.0,2930.0,7993.0,4558.0,2349.0,2169.0,2568.0,0.0,6660.0
221,2017,-1.0,-1.0,18.7,10,8,276,0.0,3496.0,2643.0,2687.0,0.0,1.0,3870.0,2515.0,0.0,5807.0,4620.0,1242.0,2762.0,7185.0,4454.0,2235.0,1911.0,2306.0,0.0,6155.0
222,2017,-1.0,-1.0,18.1,11,8,276,0.0,3786.0,2385.0,2513.0,0.0,0.0,3565.0,2227.0,0.0,5703.0,4347.0,1138.0,2502.0,6625.0,4489.0,2223.0,1688.0,2154.0,0.0,5746.0
223,2017,9.4,-1.0,19.6,12,8,276,0.0,2185.0,872.0,1155.0,0.0,6.0,1816.0,788.0,0.0,2608.0,2274.0,431.0,1419.0,2534.0,2683.0,1582.0,1493.0,723.0,0.0,2110.0
224,2017,0.2,-1.0,17.4,13,8,276,0.0,1824.0,753.0,854.0,0.0,3.0,1548.0,971.0,0.0,2771.0,2056.0,530.0,1054.0,2676.0,2340.0,1219.0,716.0,566.0,0.0,2419.0
225,2017,-1.0,-1.0,16.1,14,8,276,0.0,3375.0,3341.0,3168.0,0.0,5.0,4432.0,3108.0,0.0,6479.0,5412.0,1654.0,3180.0,7798.0,4695.0,2061.0,2332.0,2216.0,0.0,6566.0
226,2017,-1.0,-1.0,16.4,15,8,276,0.0,3781.0,4527.0,3876.0,0.0,1.0,4523.0,3331.0,0.0,6992.0,5956.0,1682.0,3613.0,8738.0,4886.0,2199.0,2444.0,3672.0,0.0,6666.0
227,2017,-1.0,-1.0,17.6,16,8,276,0.0,3424.0,3127.0,3064.0,0.0,2.0,3938.0,2770.0,0.0,6094.0,4741.0,1305.0,2996.0,7338.0,4489.0,2095.0,2099.0,2703.0,0.0,6337.0
228,2017,0.3,-1.0,19.0,17,8,276,0.0,3084.0,2432.0,2770.0,0.0,5.0,3250.0,2200.0,0.0,5295.0,4133.0,1020.0,2498.0,5998.0,3989.0,1984.0,1769.0,2233.0,0.0,5527.0
229,2017,-1.0,-1.0,18.0,18,8,276,0.0,2939.0,2232.0,2495.0,0.0,1.0,3022.0,2195.0,0.0,5009.0,3587.0,941.0,2388.0,5840.0,3633.0,1891.0,1698.0,2069.0,0.0,5187.0
230,2017,1.7,-1.0,18.2,19,8,276,0.0,1359.0,502.0,801.0,0.0,0.0,1183.0,530.0,0.0,2091.0,1394.0,275.0,858.0,2344.0,1539.0,1139.0,575.0,625.0,0.0,1741.0
231,2017,-1.0,-1.0,17.4,20,8,276,0.0,1588.0,881.0,1219.0,0.0,2.0,2000.0,1322.0,0.0,3393.0,2676.0,497.0,1276.0,3504.0,1905.0,1300.0,838.0,627.0,0.0,2766.0
232,2017,-1.0,-1.0,16.2,21,8,276,0.0,3076.0,2939.0,2882.0,0.0,0.0,3612.0,2693.0,0.0,5635.0,4500.0,1156.0,2854.0,6901.0,4087.0,1868.0,2050.0,2645.0,0.0,5968.0
233,2017,-1.0,-1.0,14.9,22,8,276,0.0,3111.0,2711.0,2666.0,0.0,5.0,3351.0,2304.0,0.0,5408.0,4270.0,966.0,2690.0,6404.0,3919.0,1909.0,1874.0,2391.0,0.0,5729.0
234,2017,-1.0,-1.0,13.5,23,8,276,0.0,3254.0,2865.0,2859.0,0.0,1.0,3668.0,2577.0,0.0,5604.0,4059.0,1071.0,2843.0,6715.0,4100.0,1838.0,1950.0,2567.0,0.0,5987.0
235,2017,-1.0,-1.0,12.9,24,8,276,0.0,3589.0,2515.0,2634.0,0.0,0.0,3062.0,2131.0,0.0,5487.0,4186.0,1034.0,2649.0,7252.0,4510.0,2124.0,1775.0,2135.0,0.0,5843.0
236,2017,2.7,-1.0,11.2,25,8,276,0.0,2017.0,1648.0,1633.0,0.0,2.0,2091.0,1451.0,0.0,3135.0,2465.0,627.0,1770.0,3644.0,2533.0,1431.0,1098.0,1562.0,0.0,3665.0
237,2017,0.7,-1.0,10.4,26,8,276,0.0,1351.0,620.0,899.0,0.0,0.0,1358.0,644.0,0.0,2371.0,1296.0,278.0,853.0,2371.0,1656.0,1045.0,573.0,541.0,0.0,1950.0
238,2017,-1.0,-1.0,10.7,27,8,276,0.0,1207.0,699.0,950.0,0.0,6.0,1348.0,992.0,0.0,2643.0,1820.0,396.0,1037.0,2620.0,1497.0,1059.0,615.0,617.0,0.0,2099.0
239,2017,-1.0,-1.0,12.0,28,8,276,0.0,2770.0,2753.0,2660.0,0.0,1.0,3216.0,2407.0,0.0,5045.0,3882.0,1087.0,2598.0,6145.0,3801.0,1711.0,1827.0,2531.0,0.0,5620.0
240,2017,-1.0,-1.0,14.4,29,8,276,0.0,3055.0,2699.0,2662.0,0.0,0.0,3362.0,2333.0,0.0,5116.0,3971.0,1017.0,2832.0,6295.0,3913.0,1698.0,1881.0,2559.0,0.0,5711.0
241,2017,1.9,-1.0,16.8,30,8,276,0.0,2930.0,2455.0,2495.0,0.0,0.0,3027.0,2161.0,0.0,4979.0,3723.0,951.0,2575.0,5944.0,3666.0,1735.0,1667.0,2346.0,0.0,5433.0
242,2017,2.0,-1.0,17.2,31,8,276,0.0,2073.0,1685.0,1775.0,0.0,0.0,1959.0,1439.0,0.0,3381.0,2525.0,611.0,1775.0,4009.0,2471.0,1309.0,1235.0,1965.0,0.0,4004.0
243,2017,-1.0,-1.0,15.1,1,9,276,0.0,2584.0,1928.0,2131.0,0.0,9.0,2272.0,1688.0,0.0,4084.0,2898.0,691.0,2174.0,4823.0,3218.0,1735.0,1367.0,2115.0,0.0,4646.0
244,2017,-1.0,-1.0,12.9,2,9,276,0.0,1315.0,612.0,1079.0,0.0,10.0,1283.0,733.0,0.0,2843.0,1566.0,349.0,991.0,2662.0,1949.0,1332.0,623.0,956.0,0.0,2077.0
245,2017,0.1,-1.0,12.9,3,9,276,0.0,1146.0,696.0,997.0,0.0,6.0,1172.0,843.0,0.0,2461.0,1767.0,357.0,1039.0,2549.0,1527.0,1035.0,612.0,907.0,0.0,2084.0
246,2017,-1.0,-1.0,11.9,4,9,276,0.0,2606.0,2600.0,2581.0,0.0,5.0,2805.0,2200.0,0.0,4806.0,3747.0,998.0,2584.0,5827.0,3558.0,1612.0,1697.0,2605.0,0.0,5556.0
247,2017,-1.0,-1.0,11.4,5,9,276,0.0,2701.0,2599.0,2676.0,0.0,6.0,2949.0,2210.0,0.0,4945.0,3850.0,912.0,2657.0,6176.0,3787.0,1715.0,1749.0,2672.0,0.0,5596.0
248,2017,-1.0,-1.0,10.4,6,9,276,0.0,2695.0,2413.0,2615.0,0.0,2.0,2813.0,2204.0,0.0,4862.0,3610.0,964.0,2480.0,5904.0,3616.0,1700.0,1729.0,2763.0,0.0,5436.0
249,2017,0.7,-1.0,10.3,7,9,276,0.0,2211.0,1914.0,1998.0,0.0,2.0,2054.0,1614.0,0.0,3681.0,2732.0,758.0,1979.0,4421.0,2876.0,1368.0,1303.0,2065.0,0.0,4481.0
250,2017,6.1,-1.0,10.6,8,9,276,0.0,2057.0,1681.0,1803.0,0.0,4.0,2047.0,1517.0,0.0,3524.0,2517.0,690.0,1848.0,4227.0,2760.0,1422.0,1254.0,1782.0,0.0,4117.0
251,2017,15.9,-1.0,13.1,9,9,276,0.0,593.0,263.0,503.0,0.0,3.0,384.0,208.0,0.0,1018.0,464.0,103.0,365.0,950.0,690.0,609.0,262.0,279.0,0.0,957.0
252,2017,3.9,-1.0,14.6,10,9,276,0.0,770.0,395.0,620.0,0.0,3.0,712.0,476.0,0.0,1779.0,1087.0,165.0,635.0,1630.0,1022.0,696.0,444.0,386.0,0.0,1454.0
253,2017,16.4,-1.0,14.6,11,9,276,0.0,2681.0,2584.0,2653.0,0.0,4.0,3044.0,2426.0,1715.0,5293.0,3984.0,918.0,2645.0,6157.0,3612.0,1537.0,1887.0,2626.0,0.0,5637.0
254,2017,0.1,-1.0,14.9,12,9,276,0.0,1605.0,1411.0,1425.0,0.0,3.0,1432.0,1116.0,1004.0,2805.0,2203.0,500.0,1468.0,3434.0,2087.0,1019.0,946.0,1494.0,0.0,3378.0
255,2017,1.1,-1.0,14.4,13,9,276,0.0,2676.0,2431.0,2496.0,0.0,6.0,2881.0,2251.0,1939.0,4862.0,3709.0,946.0,2535.0,6078.0,3504.0,1578.0,1635.0,2650.0,0.0,5505.0
256,2017,15.4,-1.0,12.9,14,9,276,0.0,1900.0,1507.0,1678.0,0.0,2.0,1669.0,1349.0,1174.0,3243.0,2230.0,610.0,1690.0,3711.0,2394.0,1168.0,1048.0,1830.0,0.0,3769.0
257,2017,0.2,-1.0,12.2,15,9,276,0.0,2099.0,1684.0,1836.0,0.0,7.0,1925.0,1439.0,1229.0,3540.0,2372.0,644.0,1786.0,4301.0,2743.0,1377.0,1172.0,1901.0,0.0,4166.0
258,2017,2.1,-1.0,12.1,16,9,276,0.0,989.0,566.0,839.0,0.0,7.0,943.0,632.0,484.0,1954.0,1081.0,295.0,769.0,2059.0,1457.0,973.0,491.0,659.0,0.0,1691.0
259,2017,-1.0,-1.0,9.9,17,9,276,0.0,1277.0,751.0,1172.0,0.0,3.0,1325.0,1126.0,850.0,2859.0,2296.0,451.0,1156.0,2868.0,1681.0,1136.0,736.0,898.0,0.0,2310.0
260,2017,-1.0,-1.0,8.7,18,9,276,0.0,2456.0,2315.0,2350.0,0.0,0.0,2681.0,2088.0,1802.0,4320.0,3292.0,1047.0,2105.0,4948.0,3397.0,1457.0,1631.0,2637.0,0.0,5014.0
261,2017,0.5,-1.0,9.0,19,9,276,0.0,2399.0,2199.0,2145.0,0.0,3.0,2365.0,1878.0,1624.0,4099.0,3111.0,897.0,1987.0,4752.0,3160.0,1498.0,1456.0,2422.0,0.0,4754.0
262,2017,0.6,-1.0,9.2,20,9,276,0.0,2340.0,1932.0,2088.0,0.0,0.0,2157.0,1752.0,1517.0,3879.0,2990.0,862.0,1879.0,4714.0,2947.0,1432.0,1404.0,2238.0,0.0,4681.0
263,2017,1.2,-1.0,12.4,21,9,276,0.0,2552.0,1975.0,2220.0,0.0,0.0,2378.0,1871.0,1532.0,4224.0,3087.0,957.0,1993.0,4816.0,3194.0,1513.0,1427.0,2182.0,0.0,4753.0
264,2017,0.8,-1.0,11.5,22,9,276,0.0,1683.0,1457.0,1438.0,0.0,6.0,1464.0,1217.0,974.0,2677.0,1950.0,640.0,1371.0,3038.0,2042.0,1116.0,1002.0,1566.0,0.0,3352.0
265,2017,-1.0,-1.0,12.8,23,9,276,0.0,1373.0,668.0,1076.0,0.0,13.0,1152.0,809.0,662.0,2663.0,1849.0,391.0,914.0,2451.0,1644.0,1093.0,643.0,830.0,0.0,2047.0
266,2017,-1.0,-1.0,12.5,24,9,276,0.0,1235.0,755.0,1111.0,0.0,5.0,1411.0,1074.0,729.0,2801.0,2260.0,491.0,1037.0,2651.0,1610.0,1093.0,675.0,875.0,0.0,2249.0
267,2017,-1.0,-1.0,12.6,25,9,276,0.0,2452.0,2383.0,2357.0,0.0,3.0,2654.0,2179.0,1874.0,4698.0,3657.0,964.0,2209.0,5288.0,3245.0,1463.0,1688.0,2709.0,0.0,5216.0
268,2017,-1.0,-1.0,12.0,26,9,276,0.0,2488.0,2328.0,2235.0,0.0,2.0,2519.0,2077.0,1734.0,4272.0,3138.0,892.0,2142.0,4922.0,3050.0,1450.0,1551.0,2523.0,0.0,5056.0
269,2017,-1.0,-1.0,12.1,27,9,276,0.0,2478.0,2250.0,2206.0,0.0,11.0,2363.0,1954.0,1677.0,4418.0,3278.0,989.0,2105.0,5155.0,3187.0,1424.0,1528.0,2457.0,0.0,4978.0
270,2017,-1.0,-1.0,10.1,28,9,276,0.0,2482.0,2158.0,2162.0,0.0,6.0,2323.0,1824.0,1857.0,4123.0,3006.0,868.0,1979.0,4919.0,3104.0,1395.0,1494.0,2457.0,0.0,4864.0
271,2017,-1.0,-1.0,8.9,29,9,276,0.0,2250.0,1708.0,1943.0,0.0,2.0,1923.0,1589.0,1370.0,3978.0,2828.0,764.0,1781.0,4226.0,2764.0,1367.0,1304.0,1986.0,0.0,4200.0
272,2017,0.1,-1.0,8.8,30,9,276,0.0,996.0,505.0,723.0,0.0,4.0,807.0,532.0,425.0,1979.0,1114.0,261.0,787.0,1899.0,1343.0,936.0,473.0,596.0,0.0,1739.0
273,2017,-1.0,-1.0,9.1,1,10,276,0.0,897.0,513.0,680.0,0.0,1.0,854.0,533.0,400.0,1955.0,1157.0,296.0,610.0,1628.0,1117.0,706.0,461.0,589.0,0.0,1436.0
274,2017,6.4,-1.0,9.2,2,10,276,0.0,898.0,2004.0,1930.0,0.0,4.0,2106.0,1762.0,1605.0,3911.0,2831.0,815.0,1893.0,4308.0,2681.0,1192.0,1437.0,2353.0,0.0,4461.0
275,2017,21.5,-1.0,8.3,3,10,276,0.0,553.0,913.0,784.0,0.0,0.0,831.0,686.0,634.0,1508.0,1154.0,344.0,721.0,1558.0,974.0,456.0,561.0,1073.0,0.0,1905.0
276,2017,12.7,-1.0,11.2,4,10,276,0.0,1350.0,1130.0,1240.0,0.0,0.0,1261.0,1009.0,876.0,2325.0,1788.0,506.0,1095.0,2677.0,1638.0,773.0,829.0,1411.0,0.0,2920.0
277,2017,0.6,-1.0,8.8,5,10,276,0.0,1705.0,1373.0,1364.0,0.0,5.0,1547.0,1180.0,1053.0,2743.0,2025.0,606.0,1262.0,3040.0,1956.0,907.0,942.0,1630.0,0.0,3342.0
278,2017,0.7,-1.0,7.7,6,10,276,0.0,1917.0,1415.0,1445.0,0.0,4.0,1527.0,1241.0,1091.0,2951.0,2180.0,601.0,1433.0,3255.0,2093.0,1117.0,976.0,1666.0,0.0,3366.0
279,2017,11.7,-1.0,8.1,7,10,276,0.0,1023.0,381.0,593.0,0.0,11.0,698.0,437.0,407.0,1521.0,978.0,214.0,627.0,1511.0,1082.0,760.0,411.0,535.0,0.0,1422.0
280,2017,14.1,-1.0,9.3,8,10,276,0.0,370.0,182.0,271.0,0.0,0.0,269.0,185.0,166.0,670.0,417.0,103.0,261.0,569.0,452.0,329.0,177.0,292.0,0.0,645.0
281,2017,18.3,-1.0,8.6,9,10,276,0.0,1119.0,1108.0,985.0,0.0,3.0,1079.0,942.0,852.0,1935.0,1580.0,463.0,1022.0,2145.0,1324.0,604.0,754.0,1385.0,0.0,2492.0
282,2017,24.2,-1.0,8.1,10,10,276,0.0,962.0,1017.0,873.0,0.0,0.0,934.0,850.0,753.0,1785.0,1318.0,399.0,827.0,1851.0,1181.0,530.0,642.0,1248.0,0.0,2200.0
283,2017,1.5,-1.0,6.9,11,10,276,0.0,1457.0,1260.0,1284.0,0.0,1.0,1251.0,1104.0,962.0,2348.0,1818.0,551.0,1242.0,2637.0,1738.0,840.0,860.0,1528.0,0.0,2936.0
284,2017,18.1,-1.0,6.0,12,10,276,0.0,1413.0,1152.0,1190.0,0.0,0.0,1214.0,1050.0,905.0,2120.0,1651.0,512.0,1053.0,2393.0,1529.0,713.0,840.0,1459.0,0.0,2614.0
285,2017,-1.0,-1.0,7.5,13,10,276,0.0,1468.0,1077.0,1272.0,0.0,1.0,1240.0,1057.0,882.0,2489.0,1808.0,543.0,1186.0,2614.0,1812.0,922.0,832.0,1371.0,0.0,2802.0
286,2017,5.0,-1.0,7.2,14,10,276,0.0,573.0,243.0,322.0,0.0,0.0,382.0,255.0,215.0,925.0,509.0,134.0,348.0,929.0,675.0,489.0,228.0,407.0,0.0,849.0
287,2017,3.3,-1.0,8.3,15,10,276,0.0,792.0,522.0,728.0,0.0,3.0,841.0,706.0,403.0,1936.0,1404.0,298.0,585.0,1871.0,986.0,610.0,488.0,590.0,0.0,1601.0
288,2017,-1.0,-1.0,10.7,16,10,276,0.0,1528.0,1302.0,1318.0,0.0,1.0,1352.0,1117.0,940.0,2529.0,2052.0,582.0,1263.0,3020.0,1781.0,816.0,876.0,1479.0,0.0,3267.0
289,2017,1.6,-1.0,8.5,17,10,276,0.0,1595.0,1289.0,1299.0,0.0,4.0,1361.0,1044.0,1007.0,2477.0,1923.0,534.0,1214.0,2854.0,1873.0,876.0,862.0,1589.0,0.0,3137.0
290,2017,-1.0,-1.0,8.3,18,10,276,0.0,1762.0,1327.0,1413.0,0.0,2.0,1433.0,1175.0,950.0,2724.0,2033.0,519.0,1269.0,3042.0,2152.0,926.0,962.0,1489.0,0.0,3222.0
291,2017,0.9,-1.0,4.6,19,10,276,0.0,1737.0,1338.0,1408.0,0.0,3.0,1544.0,1208.0,1005.0,2824.0,2090.0,513.0,1192.0,3214.0,2003.0,922.0,966.0,1538.0,0.0,3376.0
292,2017,-1.0,-1.0,2.0,20,10,276,0.0,1540.0,982.0,1094.0,0.0,1.0,1087.0,950.0,783.0,2490.0,1799.0,429.0,962.0,2539.0,1570.0,868.0,751.0,1126.0,0.0,2697.0
293,2017,-1.0,0.0,0.2,21,10,276,0.0,675.0,343.0,561.0,0.0,5.0,546.0,396.0,337.0,1345.0,891.0,205.0,526.0,1242.0,837.0,558.0,381.0,444.0,0.0,1161.0
294,2017,-1.0,-1.0,0.1,22,10,276,0.0,592.0,322.0,464.0,0.0,2.0,557.0,386.0,315.0,1325.0,818.0,177.0,488.0,1182.0,664.0,416.0,360.0,427.0,0.0,1102.0
295,2017,-1.0,-1.0,1.3,23,10,276,0.0,1557.0,1317.0,1179.0,0.0,2.0,1351.0,1113.0,896.0,2591.0,1940.0,564.0,1236.0,2901.0,1700.0,783.0,980.0,1467.0,0.0,3104.0
296,2017,-1.0,0.0,0.8,24,10,276,0.0,1445.0,1180.0,1122.0,0.0,2.0,1217.0,935.0,763.0,2267.0,1625.0,464.0,1139.0,2519.0,1596.0,783.0,866.0,1347.0,0.0,2845.0
297,2017,8.5,-1.0,2.1,25,10,276,0.0,1479.0,1169.0,1084.0,0.0,3.0,1180.0,1001.0,826.0,2234.0,1693.0,467.0,1122.0,2476.0,1488.0,746.0,924.0,1393.0,0.0,2919.0
298,2017,12.3,2.0,0.3,26,10,276,0.0,545.0,502.0,405.0,0.0,0.0,541.0,414.0,423.0,923.0,656.0,190.0,426.0,884.0,492.0,265.0,404.0,703.0,0.0,1215.0
299,2017,2.7,7.0,-0.3,27,10,276,0.0,526.0,384.0,392.0,0.0,1.0,380.0,411.0,316.0,984.0,572.0,171.0,378.0,883.0,532.0,284.0,374.0,529.0,0.0,1150.0
300,2017,17.1,4.0,3.3,28,10,276,0.0,278.0,108.0,184.0,0.0,0.0,169.0,113.0,98.0,437.0,256.0,72.0,178.0,346.0,299.0,208.0,114.0,169.0,0.0,421.0
301,2017,3.3,-1.0,2.1,29,10,276,0.0,246.0,138.0,186.0,0.0,3.0,231.0,197.0,116.0,526.0,298.0,94.0,204.0,440.0,295.0,226.0,164.0,206.0,0.0,488.0
302,2017,-1.0,-1.0,1.2,30,10,276,0.0,1063.0,977.0,929.0,0.0,3.0,986.0,789.0,715.0,1938.0,1381.0,398.0,898.0,2025.0,1237.0,566.0,805.0,1160.0,0.0,2329.0
303,2017,-1.0,-1.0,-0.4,31,10,276,0.0,1217.0,1060.0,1008.0,0.0,0.0,1108.0,930.0,778.0,2082.0,1491.0,411.0,952.0,2267.0,1499.0,666.0,810.0,1217.0,0.0,2596.0
304,2017,-1.0,0.0,0.1,1,11,276,0.0,1171.0,1053.0,988.0,0.0,0.0,1051.0,828.0,702.0,2048.0,1422.0,385.0,934.0,2062.0,1272.0,642.0,792.0,1139.0,0.0,2312.0
305,2017,0.1,0.0,0.5,2,11,276,0.0,1173.0,1059.0,997.0,0.0,1.0,1068.0,865.0,718.0,2018.0,1393.0,421.0,899.0,2106.0,1310.0,666.0,778.0,1122.0,0.0,2339.0
306,2017,0.3,-1.0,3.2,3,11,276,0.0,1125.0,954.0,889.0,0.0,1.0,987.0,753.0,704.0,1958.0,1386.0,401.0,836.0,1837.0,1164.0,616.0,665.0,1051.0,0.0,2103.0
307,2017,1.0,-1.0,8.0,4,11,276,0.0,487.0,308.0,334.0,0.0,0.0,479.0,257.0,228.0,946.0,778.0,147.0,345.0,920.0,515.0,408.0,333.0,361.0,0.0,841.0
308,2017,0.2,-1.0,8.4,5,11,276,0.0,416.0,310.0,316.0,0.0,2.0,504.0,334.0,304.0,967.0,682.0,164.0,339.0,866.0,574.0,367.0,268.0,321.0,0.0,853.0
309,2017,2.0,-1.0,7.5,6,11,276,0.0,974.0,1114.0,986.0,0.0,1.0,1066.0,805.0,881.0,1866.0,1332.0,446.0,983.0,2022.0,1214.0,496.0,764.0,1295.0,0.0,2257.0
310,2017,-1.0,-1.0,3.9,7,11,276,0.0,1376.0,1277.0,1140.0,0.0,0.0,1368.0,1130.0,1012.0,2515.0,1666.0,498.0,1027.0,2542.0,1609.0,700.0,849.0,1420.0,0.0,2799.0
311,2017,0.2,-1.0,5.9,8,11,276,0.0,1231.0,1218.0,1165.0,0.0,0.0,1300.0,828.0,916.0,2256.0,1643.0,456.0,1031.0,2438.0,1568.0,648.0,816.0,1361.0,0.0,2632.0
312,2017,9.3,-1.0,6.7,9,11,276,38.0,1066.0,1033.0,909.0,5.0,0.0,1046.0,711.0,761.0,1852.0,1341.0,384.0,865.0,2045.0,1250.0,582.0,677.0,1198.0,85.0,2292.0
313,2017,3.6,-1.0,7.2,10,11,276,927.0,999.0,916.0,910.0,1608.0,5.0,859.0,699.0,720.0,1734.0,1287.0,385.0,839.0,1856.0,1166.0,620.0,648.0,1043.0,329.0,2078.0
314,2017,16.7,-1.0,5.9,11,11,276,169.0,328.0,154.0,185.0,377.0,0.0,188.0,110.0,139.0,519.0,266.0,67.0,188.0,405.0,284.0,229.0,147.0,213.0,69.0,470.0
315,2017,2.2,-1.0,3.1,12,11,276,275.0,316.0,204.0,250.0,474.0,1.0,328.0,252.0,190.0,780.0,564.0,86.0,269.0,624.0,371.0,318.0,196.0,255.0,145.0,599.0
316,2017,-1.0,-1.0,2.4,13,11,276,1241.0,1149.0,1114.0,1016.0,1753.0,3.0,1187.0,888.0,896.0,2172.0,1537.0,471.0,956.0,2163.0,1379.0,610.0,820.0,1336.0,431.0,2474.0
317,2017,2.1,-1.0,1.8,14,11,276,1242.0,1246.0,1090.0,1039.0,1825.0,0.0,1138.0,812.0,858.0,2220.0,1505.0,447.0,943.0,2406.0,1433.0,753.0,799.0,1302.0,414.0,2633.0
318,2017,1.1,-1.0,3.1,15,11,276,1114.0,1169.0,1010.0,1021.0,1759.0,1.0,1132.0,747.0,727.0,2047.0,1476.0,421.0,917.0,2190.0,1331.0,665.0,751.0,1201.0,447.0,2113.0
319,2017,1.8,-1.0,3.5,16,11,276,1108.0,1123.0,981.0,946.0,1782.0,0.0,1125.0,737.0,708.0,2009.0,1378.0,354.0,802.0,2106.0,1345.0,679.0,751.0,1128.0,418.0,2403.0
320,2017,2.0,-1.0,5.8,17,11,276,711.0,807.0,629.0,617.0,1225.0,0.0,765.0,484.0,488.0,1377.0,928.0,280.0,573.0,1367.0,914.0,546.0,482.0,794.0,295.0,1518.0
321,2017,11.3,-1.0,5.9,18,11,276,222.0,307.0,179.0,233.0,512.0,2.0,241.0,133.0,120.0,523.0,328.0,93.0,211.0,535.0,379.0,321.0,138.0,226.0,93.0,512.0
322,2017,10.4,-1.0,4.0,19,11,276,169.0,217.0,119.0,177.0,356.0,0.0,191.0,125.0,109.0,442.0,257.0,70.0,171.0,420.0,248.0,207.0,104.0,187.0,71.0,368.0
323,2017,4.5,-1.0,1.2,20,11,276,881.0,730.0,842.0,762.0,1330.0,1.0,819.0,588.0,625.0,1408.0,1141.0,353.0,707.0,1577.0,878.0,431.0,552.0,980.0,350.0,1839.0
324,2017,2.5,3.0,0.9,21,11,276,643.0,631.0,653.0,570.0,1054.0,0.0,627.0,475.0,546.0,1096.0,854.0,265.0,527.0,1215.0,822.0,403.0,419.0,836.0,270.0,1478.0
325,2017,1.5,-1.0,1.0,22,11,276,798.0,794.0,798.0,673.0,1177.0,1.0,790.0,514.0,582.0,1321.0,973.0,306.0,698.0,1555.0,902.0,496.0,515.0,933.0,284.0,1814.0
326,2017,6.2,-1.0,1.5,23,11,276,580.0,587.0,552.0,526.0,845.0,0.0,543.0,441.0,457.0,926.0,726.0,207.0,473.0,1122.0,610.0,313.0,340.0,722.0,238.0,1275.0
327,2017,9.0,-1.0,6.1,24,11,276,587.0,687.0,600.0,546.0,1082.0,0.0,605.0,406.0,503.0,1060.0,768.0,244.0,515.0,1235.0,774.0,550.0,360.0,720.0,210.0,1368.0
328,2017,8.5,-1.0,4.2,25,11,276,305.0,442.0,223.0,285.0,601.0,2.0,368.0,194.0,189.0,665.0,456.0,117.0,262.0,687.0,496.0,320.0,209.0,306.0,110.0,641.0
329,2017,5.5,-1.0,2.3,26,11,276,162.0,227.0,124.0,178.0,449.0,1.0,195.0,106.0,117.0,482.0,302.0,52.0,165.0,503.0,295.0,213.0,124.0,190.0,71.0,437.0
330,2017,4.7,-1.0,4.6,27,11,276,946.0,765.0,854.0,818.0,1311.0,0.0,909.0,507.0,663.0,1377.0,1148.0,315.0,747.0,1693.0,979.0,485.0,553.0,979.0,289.0,1910.0
331,2017,8.3,-1.0,3.9,28,11,276,874.0,794.0,824.0,756.0,1198.0,0.0,865.0,539.0,630.0,1306.0,1055.0,310.0,641.0,1585.0,916.0,489.0,515.0,1001.0,296.0,1896.0
332,2017,2.1,-1.0,2.8,29,11,276,711.0,754.0,729.0,634.0,1110.0,4.0,699.0,436.0,525.0,1169.0,975.0,287.0,649.0,1429.0,849.0,449.0,460.0,885.0,249.0,1624.0
333,2017,3.1,-1.0,3.1,30,11,276,729.0,761.0,700.0,630.0,1087.0,2.0,736.0,456.0,564.0,1163.0,1013.0,318.0,600.0,1363.0,770.0,447.0,463.0,902.0,244.0,1546.0
334,2017,3.4,-1.0,0.9,1,12,276,481.0,464.0,470.0,357.0,645.0,1.0,475.0,293.0,369.0,690.0,626.0,205.0,374.0,863.0,469.0,319.0,259.0,605.0,129.0,962.0
335,2017,5.3,5.0,1.4,2,12,276,150.0,301.0,131.0,200.0,406.0,4.0,149.0,110.0,111.0,422.0,238.0,76.0,139.0,470.0,338.0,341.0,109.0,189.0,70.0,419.0
336,2017,7.2,-1.0,5.0,3,12,276,122.0,174.0,111.0,111.0,288.0,0.0,112.0,87.0,93.0,246.0,203.0,58.0,120.0,326.0,202.0,135.0,94.0,155.0,74.0,267.0
337,2017,-1.0,-1.0,1.3,4,12,276,835.0,868.0,831.0,660.0,1315.0,0.0,889.0,574.0,621.0,1285.0,1083.0,342.0,653.0,1586.0,966.0,522.0,498.0,981.0,249.0,1755.0
338,2017,0.7,-1.0,0.0,5,12,276,794.0,842.0,700.0,633.0,1335.0,0.0,713.0,481.0,518.0,1153.0,929.0,266.0,595.0,1503.0,943.0,565.0,445.0,811.0,148.0,1603.0
339,2017,-1.0,-1.0,-1.2,6,12,276,258.0,337.0,161.0,200.0,508.0,0.0,228.0,109.0,143.0,355.0,318.0,63.0,172.0,459.0,306.0,286.0,103.0,189.0,48.0,439.0
340,2017,16.3,0.0,-0.8,7,12,276,626.0,574.0,580.0,510.0,828.0,0.0,556.0,390.0,460.0,903.0,685.0,219.0,465.0,1107.0,627.0,367.0,337.0,750.0,138.0,1207.0
341,2017,2.0,-1.0,5.2,8,12,276,423.0,490.0,492.0,414.0,883.0,4.0,479.0,301.0,350.0,777.0,611.0,210.0,420.0,957.0,548.0,372.0,260.0,590.0,122.0,1087.0
342,2017,0.2,-1.0,4.2,9,12,276,229.0,343.0,158.0,232.0,569.0,1.0,256.0,156.0,163.0,453.0,319.0,105.0,251.0,582.0,388.0,390.0,159.0,232.0,104.0,506.0
343,2017,-1.0,-1.0,2.0,10,12,276,263.0,280.0,195.0,236.0,463.0,0.0,256.0,235.0,149.0,574.0,382.0,104.0,212.0,535.0,316.0,290.0,147.0,322.0,98.0,494.0
344,2017,1.3,-1.0,1.4,11,12,276,920.0,834.0,845.0,736.0,1304.0,0.0,815.0,610.0,670.0,1288.0,1122.0,344.0,736.0,1635.0,988.0,529.0,474.0,992.0,246.0,1795.0
345,2017,35.0,-1.0,1.6,12,12,276,435.0,331.0,429.0,373.0,562.0,0.0,443.0,323.0,449.0,626.0,573.0,170.0,339.0,827.0,387.0,219.0,263.0,682.0,121.0,904.0
346,2017,4.2,5.0,1.6,13,12,276,325.0,509.0,370.0,391.0,767.0,0.0,424.0,311.0,411.0,945.0,633.0,220.0,342.0,909.0,539.0,345.0,308.0,597.0,155.0,1085.0
347,2017,5.2,4.0,1.6,14,12,276,443.0,600.0,472.0,463.0,970.0,0.0,482.0,404.0,488.0,999.0,728.0,284.0,442.0,1042.0,652.0,381.0,335.0,712.0,147.0,1228.0
348,2017,10.0,10.0,1.7,15,12,276,273.0,316.0,296.0,288.0,499.0,0.0,297.0,204.0,313.0,609.0,403.0,214.0,225.0,647.0,367.0,250.0,181.0,485.0,79.0,695.0
349,2017,1.3,6.0,2.4,16,12,276,121.0,246.0,93.0,203.0,414.0,2.0,169.0,88.0,134.0,419.0,236.0,91.0,144.0,380.0,291.0,328.0,112.0,205.0,82.0,367.0
350,2017,-1.0,5.0,0.1,17,12,276,137.0,206.0,138.0,188.0,400.0,2.0,196.0,112.0,123.0,477.0,285.0,111.0,116.0,450.0,287.0,235.0,160.0,202.0,84.0,385.0
351,2017,3.5,5.0,2.0,18,12,276,580.0,716.0,589.0,609.0,1169.0,1.0,676.0,448.0,595.0,1111.0,866.0,466.0,483.0,1294.0,805.0,454.0,455.0,836.0,174.0,1476.0
352,2017,0.2,3.0,1.0,19,12,276,531.0,687.0,565.0,558.0,1098.0,0.0,697.0,415.0,558.0,1022.0,783.0,458.0,408.0,1181.0,758.0,454.0,427.0,828.0,182.0,1415.0
353,2017,3.6,3.0,2.6,20,12,276,527.0,760.0,566.0,513.0,1195.0,1.0,640.0,381.0,497.0,1079.0,864.0,520.0,427.0,1268.0,769.0,439.0,412.0,784.0,217.0,1455.0
354,2017,-1.0,-1.0,2.5,21,12,276,492.0,634.0,504.0,497.0,1041.0,0.0,514.0,355.0,490.0,960.0,751.0,433.0,384.0,1123.0,682.0,408.0,380.0,722.0,178.0,1282.0
355,2017,-1.0,-1.0,-0.1,22,12,276,360.0,499.0,398.0,384.0,923.0,2.0,404.0,278.0,361.0,725.0,633.0,377.0,270.0,774.0,626.0,417.0,252.0,517.0,110.0,935.0
356,2017,7.6,-1.0,1.2,23,12,276,80.0,147.0,60.0,74.0,212.0,0.0,80.0,47.0,55.0,175.0,100.0,55.0,94.0,215.0,151.0,140.0,64.0,94.0,42.0,191.0
357,2017,-1.0,-1.0,-0.3,24,12,276,74.0,83.0,71.0,49.0,284.0,2.0,87.0,97.0,64.0,214.0,171.0,65.0,92.0,161.0,108.0,111.0,82.0,98.0,42.0,180.0
358,2017,5.9,-1.0,0.3,25,12,276,72.0,58.0,57.0,64.0,137.0,2.0,115.0,59.0,77.0,204.0,144.0,59.0,86.0,134.0,89.0,84.0,54.0,94.0,50.0,166.0
359,2017,7.8,-1.0,1.9,26,12,276,93.0,110.0,94.0,79.0,222.0,0.0,140.0,98.0,114.0,244.0,183.0,99.0,76.0,226.0,141.0,140.0,110.0,154.0,69.0,231.0
360,2017,1.1,-1.0,3.8,27,12,276,223.0,293.0,301.0,251.0,486.0,1.0,355.0,174.0,315.0,532.0,404.0,278.0,184.0,591.0,356.0,216.0,190.0,419.0,122.0,660.0
361,2017,3.7,-1.0,2.8,28,12,276,265.0,387.0,349.0,310.0,613.0,0.0,406.0,230.0,332.0,638.0,474.0,292.0,175.0,695.0,423.0,318.0,200.0,489.0,126.0,777.0
362,2017,7.8,-1.0,3.8,29,12,276,220.0,317.0,255.0,249.0,503.0,0.0,292.0,152.0,234.0,580.0,384.0,262.0,147.0,564.0,364.0,297.0,156.0,366.0,136.0,577.0
363,2017,4.1,-1.0,2.5,30,12,276,149.0,262.0,155.0,154.0,421.0,0.0,204.0,146.0,150.0,446.0,301.0,179.0,149.0,414.0,272.0,241.0,134.0,191.0,111.0,408.0
364,2017,3.2,-1.0,1.6,31,12,276,152.0,163.0,120.0,152.0,344.0,0.0,196.0,136.0,115.0,330.0,277.0,126.0,108.0,400.0,244.0,215.0,99.0,142.0,101.0,350.0
